<?xml version="1.0" encoding="utf-8"?>
<install version="1.5" client="administrator" type="language">
    <name>Tiếng Việt (Vietnamese)</name>
    <tag>vi-VN</tag>
    <version>1.5.8</version>
    <creationdate>10-13-2008</creationdate>
    <author>Joomla Viet Nam</author>
    <authoremail>banquantri@joomlaviet.org</authoremail>
    <authorurl>www.joomlaviet.org</authorurl>
    <copyright>Copyright (C) 2005 Open Source Matters. All rights reserved.</copyright>
    <license>http://www.gnu.org/copyleft/gpl.html GNU/GPL</license>
    <description>Ngôn ngữ tiếng Việt cho Joomla phiên bản 1.5 (Back-end)</description>
  <files>       
      <filename>vi-VN.com_admin.ini</filename>
      <filename>vi-VN.com_banners.ini</filename>
      <filename>vi-VN.com_banners.menu.ini</filename>	  
      <filename>vi-VN.com_cache.ini</filename>
      <filename>vi-VN.com_categories.ini</filename>
      <filename>vi-VN.com_checkin.ini</filename>
      <filename>vi-VN.com_config.ini</filename>
      <filename>vi-VN.com_contact.ini</filename>
      <filename>vi-VN.com_contact.menu.ini</filename>	  
      <filename>vi-VN.com_content.ini</filename>
	  <filename>vi-VN.com_cpanel.ini</filename>
      <filename>vi-VN.com_frontpage.ini</filename>
      <filename>vi-VN.com_installer.ini</filename>
      <filename>vi-VN.com_languages.ini</filename>
      <filename>vi-VN.com_login.ini</filename>
      <filename>vi-VN.com_massmail.ini</filename>
      <filename>vi-VN.com_media.ini</filename>
      <filename>vi-VN.com_menus.ini</filename>
	  <filename>vi-VN.com_menus.menu.ini</filename>
      <filename>vi-VN.com_messages.ini</filename>
      <filename>vi-VN.com_modules.ini</filename>
      <filename>vi-VN.com_newsfeeds.ini</filename>
      <filename>vi-VN.com_newsfeeds.menu.ini</filename>	  
      <filename>vi-VN.com_plugins.ini</filename>
      <filename>vi-VN.com_poll.ini</filename>
      <filename>vi-VN.com_poll.menu.ini</filename>	  
      <filename>vi-VN.com_search.ini</filename>
      <filename>vi-VN.com_search.menu.ini</filename>	  
      <filename>vi-VN.com_sections.ini</filename>
      <filename>vi-VN.com_statistics.ini</filename>
      <filename>vi-VN.com_templates.ini</filename>
      <filename>vi-VN.com_trash.ini</filename>
      <filename>vi-VN.com_user.ini</filename>
	  <filename>vi-VN.com_users.ini</filename>
      <filename>vi-VN.com_weblinks.ini</filename>
      <filename>vi-VN.com_weblinks.menu.ini</filename>	  
      <filename>vi-VN.com_wrapper.ini</filename>
      <filename>vi-VN.ini</filename>
      <filename>vi-VN.mod_components.ini</filename>
      <filename>vi-VN.mod_custom.ini</filename>
      <filename>vi-VN.mod_footer.ini</filename>
      <filename>vi-VN.mod_latest.ini</filename>
      <filename>vi-VN.mod_logged.ini</filename>
      <filename>vi-VN.mod_login.ini</filename>
      <filename>vi-VN.mod_menu.ini</filename>
      <filename>vi-VN.mod_online.ini</filename>
      <filename>vi-VN.mod_popular.ini</filename>
      <filename>vi-VN.mod_quickicon.ini</filename>
      <filename>vi-VN.mod_stats.ini</filename>
      <filename>vi-VN.mod_status.ini</filename>
      <filename>vi-VN.mod_submenu.ini</filename>
      <filename>vi-VN.mod_title.ini</filename>
      <filename>vi-VN.mod_toolbar.ini</filename>
      <filename>vi-VN.mod_unread.ini</filename>
      <filename>vi-VN.plg_authentication_example.ini</filename>
      <filename>vi-VN.plg_authentication_gmail.ini</filename>
      <filename>vi-VN.plg_authentication_joomla.ini</filename>
      <filename>vi-VN.plg_authentication_ldap.ini</filename>
      <filename>vi-VN.plg_authentication_openid.ini</filename>	  
      <filename>vi-VN.plg_content_code.ini</filename>
      <filename>vi-VN.plg_content_emailcloak.ini</filename>
      <filename>vi-VN.plg_content_geshi.ini</filename>
      <filename>vi-VN.plg_content_image.ini</filename>
      <filename>vi-VN.plg_content_loadmodule.ini</filename>
      <filename>vi-VN.plg_content_pagebreak.ini</filename>
      <filename>vi-VN.plg_content_pagenavigation.ini</filename>
      <filename>vi-VN.plg_content_vote.ini</filename>
      <filename>vi-VN.plg_editors_none.ini</filename>
      <filename>vi-VN.plg_editors_tinymce.ini</filename>
      <filename>vi-VN.plg_editors_xstandard.ini</filename>
      <filename>vi-VN.plg_editors-xtd_image.ini</filename>
      <filename>vi-VN.plg_editors-xtd_pagebreak.ini</filename>
      <filename>vi-VN.plg_editors-xtd_readmore.ini</filename>
      <filename>vi-VN.plg_search_categories.ini</filename>
      <filename>vi-VN.plg_search_contacts.ini</filename>
      <filename>vi-VN.plg_search_content.ini</filename>
      <filename>vi-VN.plg_search_newsfeeds.ini</filename>
      <filename>vi-VN.plg_search_sections.ini</filename>
      <filename>vi-VN.plg_search_weblinks.ini</filename>
	  <filename>vi-VN.plg_system_backlink.ini</filename>
      <filename>vi-VN.plg_system_cache.ini</filename>
      <filename>vi-VN.plg_system_debug.ini</filename>
      <filename>vi-VN.plg_system_legacy.ini</filename>
	  <filename>vi-VN.plg_system_sef.ini</filename>
      <filename>vi-VN.plg_user_joomla.ini</filename>	  
      <filename>vi-VN.plg_xmlrpc_blogger.ini</filename>
      <filename>vi-VN.plg_xmlrpc_joomla.ini</filename>
      <filename>vi-VN.tpl_beez.ini</filename>
	  <filename>vi-VN.tpl_khepri.ini</filename>
      <filename>vi-VN.tpl_rhuk_milkyway.ini</filename>	  
      <filename>index.html</filename>	  
      <filename file="meta">vi-VN.xml</filename>
    </files>
   <params />
</install>