<?xml version="1.0" encoding="utf-8"?>
<install type="module" version="1.5.0">
	<name>OMB jCart</name>
	<author>Brian Williford</author>
	<creationDate>07/12/2009</creationDate>
	<copyright>This module is released under the GNU/GPL License</copyright> 
	<license>http://www.gnu.org/copyleft/gpl.html GNU/GPL</license>
	<authorEmail>info@ohmybrain.com</authorEmail>
	<authorUrl>www.ohmybrain.com</authorUrl>
	<version>1.0.0</version>
	<description>
		jCart is a jQuery based mini cart written by Doug Whitney under the MIT License and adapted for Joomla 1.5 by Brian Williford.
		This module is meant to be a very quick way to have a light duty e-commerce solution, with an AJAX front end for efficiency. 
		See http://conceptlogic.com/jcart/ for more particulars.
		For support visit the forums at http://www.ohmybrain.com for questions about our just adaptation.
		<![CDATA[
			<iframe src ="http://www.ohmybrain.com/api/omb_support_tracker.php?sku=OMB-2009-48" width="99%" height="46px" frameborder="0" marginheight="1px" marginwidth="1px" scrolling="no"></iframe>
		]]>
	</description>
	<files>
		<filename module="mod_omb_jcart">mod_omb_jcart.php</filename>
		<filename>checkout.php</filename>
		<filename>helper.php</filename>
		<filename>index.php</filename>
		<filename>mod_omb_jcart.css</filename>
		<filename>tmpl/default.php</filename>
		<filename>tmpl/index.html</filename>
		<filename>mod_omb_jcart.xml</filename>
		<filename>jcart/jcart-config.php</filename>
		<filename>jcart/jcart-defaults.php</filename>
		<filename>jcart/jcart-gateway.php</filename>
		<filename>jcart/jcart-javascript.min.php</filename>
		<filename>jcart/jcart-relay.php</filename>
		<filename>jcart/jcart.php</filename>
		<filename>jcart/jquery-1.3.2.min.js</filename>
		<filename>jcart/MIT_License.txt</filename>
	</files>
	<params>
		<param name="moduleclass_sfx" type="text" default="" label="Module Class Suffix" description="PARAMMODULECLASSSUFFIX" />
		<param name="@spacer" type="spacer" default="" label="" />
			<param name="include_mode" type="radio" default='1' label="Include jQuery Script" >
			<option value='0'>No</option>
			<option value='1'>Yes</option>
		</param>
		<param name="currency_symbol" type="text" default="$" label="Currency Symbol" description="jCart Currency Symbol" />	
		
		<param name="@spacer" type="spacer" default="" label="" />
		<param name="product_name_1" type="text" default="Soccer Ball" label="Product 1 Name" description="Name of product 1" />	
		<param name="product_price_1" type="text" default="25.00" label="Product 1 Price" description="Price of product 1" />	
		
		<param name="@spacer" type="spacer" default="" label="" />
		<param name="product_name_2" type="text" default="Baseball Mitt" label="Product 2 Name" description="Name of product 2" />	
		<param name="product_price_2" type="text" default="19.50" label="Product 2 Price" description="Price of product 2" />	
		
		<param name="@spacer" type="spacer" default="" label="" />
		<param name="product_name_3" type="text" default="Hockey Stick" label="Product 3 Name" description="Name of product 3" />	
		<param name="product_price_3" type="text" default="33.25" label="Product 3 Price" description="Price of product 3" />	

		<param name="@spacer" type="spacer" default="" label="" />
		<param name="product_name_4" type="text" default="" label="Product 4 Name" description="Name of product 4" />	
		<param name="product_price_4" type="text" default="" label="Product 4 Price" description="Price of product 4" />	
		
		<param name="@spacer" type="spacer" default="" label="" />
		<param name="product_name_5" type="text" default="" label="Product 5 Name" description="Name of product 5" />	
		<param name="product_price_5" type="text" default="" label="Product 5 Price" description="Price of product 5" />
		
		<param name="@spacer" type="spacer" default="" label="" />
		<param name="product_name_6" type="text" default="" label="Product 6 Name" description="Name of product 6" />	
		<param name="product_price_6" type="text" default="" label="Product 6 Price" description="Price of product 6" />
		
		<param name="@spacer" type="spacer" default="" label="" />
		<param name="product_name_7" type="text" default="" label="Product 7 Name" description="Name of product 7" />	
		<param name="product_price_7" type="text" default="" label="Product 7 Price" description="Price of product 7" />
		
		<param name="@spacer" type="spacer" default="" label="" />
		<param name="product_name_8" type="text" default="" label="Product 8 Name" description="Name of product 8" />	
		<param name="product_price_8" type="text" default="" label="Product 8 Price" description="Price of product 8" />
		
		<param name="@spacer" type="spacer" default="" label="" />
		<param name="product_name_9" type="text" default="" label="Product 9 Name" description="Name of product 9" />	
		<param name="product_price_9" type="text" default="" label="Product 9 Price" description="Price of product 9" />
		
		<param name="@spacer" type="spacer" default="" label="" />
		<param name="product_name_10" type="text" default="" label="Product 10 Name" description="Name of product 10" />	
		<param name="product_price_10" type="text" default="" label="Product 10 Price" description="Price of product 10" />
		
		<param name="@spacer" type="spacer" default="" label="" />
		<param name="product_name_11" type="text" default="" label="Product 11 Name" description="Name of product 11" />	
		<param name="product_price_11" type="text" default="" label="Product 11 Price" description="Price of product 11" />
		
		<param name="@spacer" type="spacer" default="" label="" />
		<param name="product_name_12" type="text" default="" label="Product 12 Name" description="Name of product 12" />	
		<param name="product_price_12" type="text" default="" label="Product 12 Price" description="Price of product 12" />
	</params>
	<images>
		<filename>images/ajax_loading.gif</filename>
		<filename>images/checkmark.png</filename>
		<filename>images/spacer.gif</filename>
		<filename>images/index.php</filename>
	</images>
</install>

