<?xml version="1.0" encoding="UTF-8"?>
<install version="1.5" type="plugin" group="joomfish">
	<name>Joomfish - Missing Translation</name>
	<author>Geraint Edwards</author>
	<creationDate>27 August 2008</creationDate>
	<copyright>(C) 2008. All rights reserved.</copyright>
	<license>http://www.gnu.org/licenses/gpl-2.0.html GNU/GPL</license>
	<authorEmail></authorEmail>
	<authorUrl>www.gwesystems.com</authorUrl>
	<version>2.0 - RC1</version>
	<description>Joomfish Missing Translation Handler</description>
	<files>
		<filename plugin="missing_translation">missing_translation.php</filename>
	</files>
	<languages folder="">
		<language tag="en-GB">en-GB.plg_joomfish_missing_translation.ini</language>
   	</languages>	
	<params>
	</params>
</install>
