<?xml version="1.0" encoding="utf-8"?>
<install version="1.5" client="site" type="language">
    <name>Tiếng Việt (Vietnamese)</name>
    <tag>vi-VN</tag>
    <version>1.5.8</version>
    <creationdate>10-13-2008</creationdate>
    <author>Joomla Viet Nam</author>
    <authoremail>banquantri@joomlaviet.org</authoremail>
    <authorurl>www.joomlaviet.org</authorurl>
    <copyright>Copyright (C) 2005 Open Source Matters. All rights reserved.</copyright>
    <license>http://www.gnu.org/copyleft/gpl.html GNU/GPL</license>
    <description>Ngôn ngữ tiếng Việt cho Joomla phiên bản 1.5 (Front-end)</description>
  <files>
   <filename>index.html</filename>
   <filename>install.xml</filename>
   <filename>vi-VN.com_banners.ini</filename>
   <filename>vi-VN.com_contact.ini</filename>
   <filename>vi-VN.com_content.ini</filename>
   <filename>vi-VN.com_frontpage.ini</filename>
   <filename>vi-VN.com_mailto.ini</filename>
   <filename>vi-VN.com_media.ini</filename>
   <filename>vi-VN.com_messages.ini</filename>
   <filename>vi-VN.com_newsfeeds.ini</filename>
   <filename>vi-VN.com_poll.ini</filename>
   <filename>vi-VN.com_search.ini</filename>
   <filename>vi-VN.com_user.ini</filename>
   <filename>vi-VN.com_weblinks.ini</filename>
   <filename>vi-VN.com_wrapper.ini</filename>
   <filename>vi-VN.ignore.php</filename>
   <filename>vi-VN.ini</filename>
   <filename>vi-VN.mod_archive.ini</filename>
   <filename>vi-VN.mod_banners.ini</filename>
   <filename>vi-VN.mod_breadcrumbs.ini</filename>
   <filename>vi-VN.mod_custom.ini</filename>
   <filename>vi-VN.mod_feed.ini</filename>
   <filename>vi-VN.mod_footer.ini</filename>
   <filename>vi-VN.mod_latestnews.ini</filename>
   <filename>vi-VN.mod_login.ini</filename>
   <filename>vi-VN.mod_mainmenu.ini</filename>
   <filename>vi-VN.mod_mostread.ini</filename>
   <filename>vi-VN.mod_newsflash.ini</filename>
   <filename>vi-VN.mod_online.ini</filename>
   <filename>vi-VN.mod_poll.ini</filename>
   <filename>vi-VN.mod_random_image.ini</filename>
   <filename>vi-VN.mod_related_items.ini</filename>
   <filename>vi-VN.mod_search.ini</filename>
   <filename>vi-VN.mod_sections.ini</filename>
   <filename>vi-VN.mod_stats.ini</filename>
   <filename>vi-VN.mod_syndicate.ini</filename>
   <filename>vi-VN.mod_whosonline.ini</filename>
   <filename>vi-VN.mod_wrapper.ini</filename>
   <filename>vi-VN.plg_content_vote.ini</filename>
   <filename>vi-VN.plg_search_categories.ini</filename>
   <filename>vi-VN.plg_search_contacts.ini</filename>
   <filename>vi-VN.plg_search_content.ini</filename>
   <filename>vi-VN.plg_search_newsfeeds.ini</filename>
   <filename>vi-VN.plg_search_sections.ini</filename>
   <filename>vi-VN.plg_search_weblinks.ini</filename>
   <filename>vi-VN.plg_system_debug.ini</filename>
   <filename>vi-VN.tpl_beez.ini</filename>
   <filename>vi-VN.tpl_rhuk_milkyway.ini</filename>
   <filename file="meta">vi-VN.xml</filename>
  </files>
   <params />
</install>