<?xml version="1.0" encoding="UTF-8"?>
<install version="1.5" type="plugin" group="system">
	<name>Joomfish - Abstraction Layer</name>
	<license>Think Network, Open Source License</license>
	<author>Think Network</author>
	<authorEmail>support@joomfish.net</authorEmail>
	<authorUrl>http://www.joomfish.net</authorUrl>
	<creationDate>27 August 2008</creationDate>
	<copyright>2003 - 2008, Think Network GmbH, Munich</copyright>
	<version>2.0 - RC1</version>
	<description>When activated this bot ensures that your system is automatically translating all database queries.</description>
	<files>
		<filename plugin="jfdatabase">jfdatabase.php</filename>
		<filename>jfdatabase/intercept.jdatabasemysql.php</filename>
		<filename>jfdatabase/intercept.jdatabasemysqli.php</filename>
		<filename>jfdatabase/jfdatabase_inherit.php</filename>
	</files>	
	<languages folder="">
		<language tag="en-GB">en-GB.plg_system_jfdatabase.ini</language>
   	</languages>	
	<params>
	</params>
</install>
