<?xml version="1.0" encoding="UTF-8"?>
<install version="1.5.0" type="plugin" group="content">
	<name>Joomfish Alternative Language</name>
	<author>Geraint Edwards</author>
	<creationDate>27 August 2008</creationDate>
	<copyright>(C) 2006 Geraint Edwards. All rights reserved.</copyright>
	<license>http://www.gnu.org/licenses/old-licenses/gpl-2.0.html GNU/GPL</license>
	<authorUrl>www.gwesystems.com</authorUrl>
	<version>2.0 RC1</version>
	<description>Displays list of links to content in other languages.</description>
	<files>
		<filename plugin="jfalternative">jfalternative.php</filename>
	</files>
	<languages folder="">
		<language tag="en-GB">en-GB.plg_content_jfalternative.ini</language>
   	</languages>	

	<params>
		<param name="falt_showAS" type="list" default="flags" label="How to display available translations" description="Should alternative translations be shown as a list of flags or language names?">
			<option value="text">As Text</option>
			<option value="flags">As Flags</option>
		</param>
	</params>
</install>
